test_id,numuser,numRU,RBeachRU,time_ILP,throughput_ILP,numuser_ILP,check_ILP,numuser_SA,throughput_SA,time_SA,throughput_rate,throughput_Greedy,num_user_Greedy,runtime_Greedy


0,5,2,"[10, 10]",0.30993127822875977,103.00022196042559,5.0,True,0,0.0,7.389113426208496,100.0
0,5,2,"[10, 10]",0.34055209159851074,95.22605109958332,5.0,False,3,80.92057154775298,5.955895662307739,15.02265334605787
0,5,2,"[10, 10]",0.1612691879272461,94.83746557937756,5.0,False,3,87.12002415900665,0.13695549964904785,8.137544981009148
0,5,2,"[10, 10]",0.28795480728149414,80.01601184393962,5.0,False,2,82.97691282180614,0.12546420097351074,-3.7003855973743747
0,5,2,"[10, 10]",0.26624107360839844,79.0100837848671,5.0,False,1,83.84686822340414,0.10024213790893555,-6.121730552402519
